01,02,03,04,05,06,07,08,09,10,11,12,13,14,15,16,17,18,19,20,21,22,23,24,25,26,27,Numeracion
XX,XX,XX,07,10,24,25,38,XX,40,51,62,64,XX,XX,XX,70,XX,XX,75,XX,81,82,88,89,XX,XX,1
XX,XX,01,07,XX,XX,08,11,17,28,XX,29,35,50,XX,XX,53,XX,XX,55,XX,67,XX,XX,81,85,86,2
XX,01,XX,04,XX,07,08,XX,13,14,XX,32,XX,37,41,XX,46,XX,XX,72,80,XX,XX,XX,83,85,87,3
XX,XX,04,XX,08,17,27,XX,30,32,39,XX,XX,40,44,XX,XX,54,XX,58,63,67,80,XX,XX,XX,87,4
04,06,07,XX,XX,XX,12,13,XX,17,24,XX,25,29,XX,32,XX,XX,XX,XX,66,XX,67,68,69,81,XX,5
XX,XX,04,09,21,29,30,XX,XX,37,41,XX,44,51,XX,54,XX,XX,56,XX,57,XX,75,XX,82,XX,84,6
05,22,XX,26,XX,28,XX,31,XX,XX,41,45,52,XX,XX,65,XX,66,67,73,78,XX,81,85,XX,XX,XX,7
02,XX,18,XX,21,27,XX,XX,28,29,XX,XX,31,34,XX,XX,42,44,50,64,71,XX,88,XX,XX,89,XX,8
04,XX,13,26,33,34,XX,XX,XX,53,61,XX,XX,62,64,XX,XX,67,72,XX,75,XX,XX,79,XX,80,82,9
XX,01,XX,02,XX,06,13,XX,16,XX,18,37,40,XX,XX,47,54,XX,55,56,XX,62,72,89,XX,XX,XX,10
XX,07,XX,09,10,XX,29,30,XX,40,XX,XX,47,48,54,55,XX,XX,73,XX,76,80,84,XX,88,XX,XX,11
XX,04,XX,10,25,28,33,XX,XX,XX,36,38,XX,39,XX,46,XX,53,XX,XX,XX,59,XX,72,75,85,87,12
XX,06,08,XX,13,19,XX,XX,24,32,33,36,61,XX,65,XX,XX,XX,XX,68,72,XX,XX,79,84,XX,85,13
02,07,11,XX,XX,XX,XX,17,35,44,46,49,XX,XX,53,XX,XX,57,XX,59,62,70,73,XX,XX,87,XX,14
XX,13,XX,14,18,21,XX,XX,23,40,XX,XX,41,45,48,XX,49,XX,65,XX,XX,68,XX,69,XX,81,82,15
17,19,XX,20,XX,28,XX,XX,29,31,XX,XX,37,XX,56,57,58,XX,64,XX,65,66,XX,74,XX,XX,88,16
04,07,15,XX,18,XX,XX,24,XX,32,36,37,XX,XX,XX,39,XX,46,XX,61,65,XX,XX,XX,70,75,87,17
XX,03,XX,05,XX,XX,06,09,12,28,33,XX,36,XX,XX,48,XX,64,XX,XX,69,70,XX,74,79,83,XX,18
19,XX,29,31,XX,XX,33,XX,38,42,XX,XX,44,45,XX,61,71,XX,72,XX,XX,76,77,83,87,XX,XX,19
19,XX,22,XX,XX,24,31,XX,35,XX,43,XX,XX,52,55,66,XX,72,76,79,81,83,XX,XX,XX,XX,85,20
01,03,XX,05,XX,XX,XX,11,18,33,42,XX,46,XX,52,XX,XX,53,XX,58,70,XX,76,86,XX,90,XX,21
02,XX,XX,03,XX,04,07,15,XX,XX,16,35,XX,40,XX,XX,42,43,XX,XX,XX,45,68,XX,71,75,89,22
XX,11,15,39,XX,XX,XX,44,51,52,58,XX,62,63,XX,64,XX,XX,66,XX,71,XX,75,83,XX,XX,85,23
03,XX,16,17,21,24,XX,XX,XX,XX,29,46,XX,XX,XX,52,62,64,65,XX,66,XX,XX,67,78,84,XX,24
XX,03,05,12,XX,20,36,XX,XX,41,53,XX,XX,54,XX,56,59,XX,62,XX,XX,67,75,78,83,XX,XX,25
XX,08,XX,15,XX,16,29,30,XX,XX,32,XX,33,XX,36,38,XX,41,XX,76,78,81,XX,XX,84,86,XX,26
17,25,XX,26,XX,28,XX,XX,35,XX,36,40,XX,XX,43,48,49,XX,XX,52,XX,56,75,83,89,XX,XX,27
XX,25,26,XX,XX,XX,39,41,50,XX,52,XX,55,XX,57,XX,58,63,70,XX,XX,72,76,XX,83,XX,85,28
XX,XX,02,XX,07,10,12,XX,13,XX,XX,23,29,33,XX,42,XX,43,XX,XX,49,61,67,89,90,XX,XX,29
XX,XX,XX,06,12,21,XX,22,25,27,XX,29,XX,30,35,52,XX,XX,54,XX,XX,60,XX,74,XX,82,86,30
25,XX,28,29,XX,30,XX,XX,32,34,XX,41,XX,54,XX,XX,58,60,67,73,80,85,XX,XX,88,XX,XX,31
XX,02,03,19,XX,27,XX,XX,28,53,XX,XX,XX,XX,54,59,63,77,XX,84,85,XX,87,XX,88,89,XX,32
10,XX,14,XX,18,19,XX,XX,21,33,34,XX,37,54,XX,XX,55,XX,XX,65,74,XX,79,89,90,XX,XX,33
XX,XX,06,12,23,45,XX,XX,47,XX,XX,53,57,XX,60,66,XX,67,XX,69,73,75,80,XX,XX,85,XX,34
01,03,09,11,XX,XX,XX,XX,17,XX,XX,20,XX,22,31,35,XX,51,58,XX,60,61,XX,XX,72,83,XX,35
XX,01,XX,26,34,37,45,XX,XX,XX,XX,50,XX,XX,51,54,68,69,XX,70,XX,75,83,86,XX,XX,89,36
21,22,27,31,XX,XX,XX,33,XX,38,XX,46,48,58,XX,XX,XX,62,XX,XX,XX,74,XX,77,82,83,89,37
04,XX,XX,09,XX,13,XX,19,22,25,32,XX,XX,54,55,XX,XX,59,73,82,85,88,XX,89,XX,XX,XX,38
11,XX,XX,18,26,XX,33,XX,36,47,58,XX,62,XX,XX,78,XX,80,XX,81,83,XX,84,XX,88,XX,89,39
XX,03,05,XX,XX,XX,12,15,18,XX,XX,23,24,XX,25,28,34,XX,61,65,XX,XX,XX,72,XX,77,78,40
XX,XX,XX,01,11,XX,21,22,27,38,XX,XX,39,XX,XX,49,59,65,71,XX,76,XX,XX,79,XX,82,85,41
11,19,27,XX,29,XX,XX,XX,30,37,XX,38,51,59,XX,68,XX,XX,70,XX,71,72,84,85,XX,XX,XX,42
02,03,16,XX,XX,XX,17,XX,24,XX,XX,XX,33,XX,55,64,67,71,XX,XX,78,XX,79,83,86,XX,88,43
XX,19,XX,25,XX,26,32,XX,34,XX,39,48,58,XX,73,XX,74,XX,XX,XX,77,81,XX,84,85,89,XX,44
XX,04,05,XX,14,XX,24,XX,29,XX,32,XX,35,XX,40,46,XX,48,61,70,71,72,73,XX,XX,XX,XX,45
14,18,XX,29,30,XX,XX,35,XX,36,43,XX,XX,49,55,XX,59,XX,60,XX,XX,62,XX,68,79,XX,88,46
01,XX,02,XX,14,21,XX,23,XX,37,XX,40,XX,49,XX,XX,50,51,XX,54,67,72,XX,79,XX,88,XX,47
04,XX,XX,08,XX,10,19,21,XX,30,XX,37,42,XX,53,54,XX,XX,56,58,61,XX,66,77,XX,XX,XX,48
XX,03,04,XX,XX,05,XX,15,20,34,XX,35,XX,XX,39,XX,57,63,XX,66,XX,71,78,84,XX,88,XX,49
07,XX,18,22,24,25,XX,XX,XX,32,40,XX,46,53,56,XX,XX,XX,XX,63,65,XX,XX,XX,66,67,81,50
XX,02,XX,06,XX,11,XX,14,15,29,XX,XX,XX,31,34,37,48,XX,55,69,77,XX,XX,XX,78,XX,87,51
XX,12,16,XX,17,18,XX,XX,23,XX,XX,33,XX,44,45,XX,48,56,XX,XX,65,XX,76,77,XX,84,87,52
05,XX,16,21,27,XX,XX,XX,42,43,44,51,65,XX,XX,67,XX,XX,XX,72,73,78,79,XX,XX,XX,87,53
07,14,25,32,34,XX,XX,XX,XX,XX,36,XX,46,XX,48,XX,51,55,XX,67,68,XX,69,XX,80,86,XX,54
XX,06,49,51,XX,54,55,XX,XX,XX,XX,58,59,XX,XX,62,65,67,XX,69,72,XX,73,82,XX,87,XX,55
04,XX,XX,24,26,27,XX,28,XX,29,XX,31,XX,38,XX,XX,39,45,XX,XX,XX,XX,53,55,64,65,83,56
03,04,10,13,XX,XX,XX,XX,18,XX,20,XX,XX,30,33,XX,45,50,XX,60,65,XX,XX,76,82,84,XX,57
02,07,XX,12,XX,16,25,XX,XX,XX,37,XX,48,XX,59,62,XX,69,XX,XX,XX,70,XX,74,76,80,81,58
08,10,XX,34,37,XX,XX,39,XX,43,XX,51,56,63,XX,XX,64,XX,67,78,82,85,XX,XX,XX,88,XX,59
05,10,24,XX,XX,XX,25,40,XX,XX,42,50,60,63,XX,XX,64,XX,66,77,XX,84,XX,XX,XX,87,89,60
XX,17,26,31,43,XX,53,XX,XX,XX,55,59,61,XX,66,XX,70,XX,XX,74,78,XX,XX,XX,82,83,84,61
XX,05,10,31,XX,XX,XX,33,38,39,XX,XX,44,XX,45,54,XX,69,XX,71,76,XX,79,XX,82,XX,86,62
XX,XX,08,12,XX,20,XX,24,32,35,XX,XX,XX,49,56,59,62,XX,64,65,XX,XX,67,75,XX,83,XX,63
05,XX,24,34,XX,35,XX,36,XX,39,42,XX,43,XX,54,61,XX,XX,XX,XX,64,71,75,79,XX,84,XX,64
XX,XX,XX,XX,03,04,06,08,18,XX,20,26,29,XX,33,35,XX,XX,48,XX,56,XX,58,XX,XX,66,77,65
06,09,14,17,XX,21,XX,XX,XX,27,45,XX,53,XX,XX,55,65,XX,XX,66,70,76,XX,XX,80,84,XX,66
07,12,XX,13,XX,XX,XX,17,21,22,23,26,XX,XX,27,XX,XX,44,XX,48,50,64,79,XX,84,XX,XX,67
XX,11,13,17,19,XX,XX,XX,23,26,XX,27,31,33,XX,45,XX,XX,58,XX,71,73,77,XX,85,XX,XX,68
05,08,XX,15,18,XX,19,XX,XX,26,29,XX,42,XX,XX,45,XX,53,66,XX,XX,69,XX,81,85,89,XX,69
XX,01,13,XX,XX,XX,14,27,34,45,XX,48,XX,51,XX,XX,59,74,XX,XX,78,81,XX,84,XX,86,88,70
XX,08,20,XX,XX,24,27,30,XX,XX,XX,XX,35,38,46,59,XX,66,72,73,XX,XX,XX,82,86,90,XX,71
05,07,XX,10,22,XX,XX,XX,34,39,XX,41,XX,56,70,XX,XX,72,XX,77,78,84,87,XX,89,XX,XX,72
XX,03,05,12,15,21,XX,XX,XX,XX,51,60,62,XX,69,70,XX,XX,XX,XX,XX,78,80,85,XX,86,89,73
XX,XX,23,25,XX,28,XX,34,37,XX,XX,38,47,XX,48,49,XX,51,54,62,XX,68,XX,XX,79,90,XX,74
07,XX,10,XX,22,24,27,XX,XX,29,XX,33,XX,47,XX,XX,50,59,64,78,XX,XX,XX,79,81,XX,86,75
XX,07,13,XX,XX,15,22,XX,30,XX,34,45,51,XX,55,57,XX,XX,58,62,73,XX,XX,XX,80,XX,81,76
07,XX,XX,10,19,20,XX,21,XX,34,45,XX,55,XX,XX,60,64,XX,69,74,XX,XX,79,XX,85,88,XX,77
03,08,11,XX,16,20,XX,XX,XX,28,36,XX,XX,51,XX,58,64,XX,66,69,XX,74,XX,XX,XX,81,82,78
XX,XX,06,10,XX,19,26,XX,33,XX,35,XX,XX,47,XX,48,49,50,52,XX,59,XX,XX,61,81,85,XX,79
XX,XX,05,09,19,XX,XX,33,38,XX,XX,60,XX,64,65,XX,68,75,XX,XX,76,XX,77,83,85,XX,89,80
XX,06,07,11,XX,21,XX,XX,32,33,43,45,52,55,XX,XX,XX,XX,XX,58,XX,65,86,88,XX,XX,90,81
05,XX,11,14,XX,XX,21,XX,23,XX,27,XX,XX,33,XX,39,44,55,65,67,XX,XX,71,XX,XX,73,80,82
22,23,27,XX,30,XX,XX,XX,32,40,49,XX,XX,XX,51,56,57,XX,63,XX,66,XX,XX,XX,68,77,89,83
XX,15,XX,19,23,XX,35,42,XX,49,50,52,55,XX,XX,XX,XX,61,XX,XX,XX,62,XX,72,74,80,90,84
XX,02,XX,XX,04,XX,16,21,24,XX,29,33,XX,XX,34,XX,36,40,67,70,XX,XX,75,79,XX,89,XX,85
XX,XX,02,15,31,XX,XX,36,41,43,XX,XX,XX,49,XX,53,57,62,XX,XX,72,74,82,XX,83,90,XX,86
XX,XX,02,XX,05,07,XX,26,28,32,54,55,59,XX,XX,XX,64,XX,XX,76,XX,XX,78,XX,79,84,86,87
06,XX,15,21,XX,23,XX,XX,33,XX,37,XX,38,47,XX,50,58,XX,XX,XX,XX,XX,61,62,70,75,87,88
06,XX,XX,10,27,XX,XX,29,41,46,XX,XX,XX,49,57,67,XX,69,76,XX,XX,78,82,83,XX,90,XX,89
01,XX,24,28,XX,XX,XX,35,38,43,51,XX,58,XX,XX,XX,60,66,XX,XX,79,XX,84,XX,85,86,89,90
02,XX,XX,03,XX,XX,12,15,27,28,XX,34,38,40,XX,47,XX,XX,48,XX,57,66,69,90,XX,XX,XX,91
XX,13,21,22,XX,XX,23,XX,39,XX,XX,46,48,52,XX,61,64,XX,65,XX,68,XX,77,84,XX,87,XX,92
08,XX,12,XX,13,17,21,XX,XX,XX,23,25,34,XX,XX,XX,43,57,59,61,68,XX,XX,XX,XX,71,90,93
XX,XX,10,XX,14,15,26,XX,28,42,43,XX,XX,XX,XX,44,52,63,68,73,79,83,84,XX,XX,XX,XX,94
08,XX,XX,XX,XX,13,18,30,37,XX,41,44,XX,XX,49,53,54,XX,62,63,XX,83,XX,XX,86,90,XX,95
XX,09,12,16,19,XX,27,XX,XX,28,34,XX,XX,36,38,XX,40,XX,XX,66,XX,78,81,XX,82,XX,85,96
XX,XX,12,23,30,32,XX,39,XX,XX,XX,41,43,XX,54,55,XX,66,XX,68,73,XX,83,84,XX,88,XX,97
XX,XX,01,02,06,XX,XX,17,23,XX,XX,XX,25,34,36,39,XX,45,57,XX,69,XX,XX,71,XX,82,84,98
XX,XX,09,XX,30,35,40,XX,43,48,XX,XX,XX,56,59,60,XX,61,62,XX,XX,XX,83,XX,84,86,90,99
XX,XX,05,XX,XX,10,17,18,23,26,29,34,35,XX,XX,XX,XX,56,XX,XX,XX,64,66,71,XX,74,81,100
02,XX,09,XX,15,16,XX,XX,17,XX,XX,18,23,XX,26,33,XX,40,XX,41,48,52,65,84,XX,XX,XX,101
XX,01,08,XX,26,XX,27,XX,40,42,XX,44,XX,46,52,XX,53,XX,XX,54,71,74,XX,77,90,XX,XX,102
15,XX,24,33,XX,XX,XX,41,45,XX,56,57,66,XX,71,XX,XX,75,78,80,XX,XX,XX,81,XX,84,86,103
03,XX,05,14,XX,XX,XX,20,21,32,34,XX,XX,48,XX,49,XX,51,52,53,XX,XX,67,79,XX,87,XX,104
XX,06,09,10,XX,XX,12,XX,13,XX,18,22,35,46,XX,XX,XX,57,59,61,XX,82,XX,XX,XX,83,88,105
XX,XX,XX,XX,03,09,11,12,16,23,XX,24,49,XX,XX,XX,51,58,XX,62,63,XX,65,74,XX,XX,79,106
XX,XX,05,XX,06,12,XX,15,21,24,XX,26,XX,32,XX,38,43,XX,54,67,68,XX,XX,72,XX,XX,75,107
XX,XX,13,XX,24,26,30,XX,32,35,XX,XX,36,41,46,XX,56,XX,59,XX,XX,61,69,XX,73,88,XX,108
05,06,XX,XX,15,XX,23,24,XX,XX,30,XX,XX,31,33,34,XX,41,46,50,60,69,XX,XX,90,XX,XX,109
XX,06,08,XX,XX,XX,16,21,25,XX,26,XX,28,XX,38,XX,46,52,XX,64,66,82,XX,XX,XX,86,87,110
XX,01,03,05,16,XX,XX,XX,18,26,XX,46,59,XX,XX,XX,73,79,80,81,XX,85,XX,86,90,XX,XX,111
XX,01,XX,03,XX,09,XX,11,15,22,25,33,XX,XX,38,XX,47,XX,XX,59,61,XX,65,XX,75,89,XX,112
02,04,XX,10,XX,XX,15,26,XX,XX,33,47,XX,XX,52,59,69,XX,XX,72,76,XX,77,XX,81,85,XX,113
XX,07,15,19,XX,28,29,XX,XX,32,35,40,XX,42,47,XX,XX,XX,62,XX,65,XX,XX,71,XX,81,90,114
XX,XX,10,21,22,XX,XX,26,29,36,XX,XX,38,XX,41,XX,46,49,68,70,XX,XX,77,XX,86,XX,88,115
XX,02,XX,05,12,16,XX,XX,18,19,XX,24,48,49,XX,XX,57,XX,XX,61,XX,XX,64,77,XX,78,86,116
09,XX,12,XX,20,35,XX,38,XX,50,51,66,71,XX,XX,72,XX,XX,XX,XX,XX,75,77,78,89,XX,90,117
01,XX,02,XX,04,XX,XX,07,10,18,XX,29,XX,XX,XX,35,36,42,49,69,XX,76,84,89,XX,XX,XX,118
XX,XX,03,20,XX,XX,24,35,37,XX,48,XX,XX,XX,50,54,56,57,64,67,XX,XX,70,81,XX,XX,89,119
XX,XX,01,02,04,XX,10,18,XX,19,33,XX,36,XX,XX,38,XX,44,XX,46,49,XX,XX,70,XX,74,79,120
01,XX,XX,XX,XX,24,29,41,46,XX,47,52,56,65,XX,67,XX,XX,69,XX,72,XX,74,XX,77,87,XX,121
XX,XX,03,06,08,21,22,XX,XX,24,XX,XX,29,30,36,XX,47,XX,XX,XX,52,60,70,XX,71,73,XX,122
07,28,34,XX,XX,38,XX,XX,39,44,XX,46,XX,XX,47,XX,50,71,XX,75,84,88,89,XX,90,XX,XX,123
12,17,19,22,XX,XX,XX,XX,24,29,35,XX,XX,XX,45,XX,51,56,XX,XX,65,70,71,87,XX,XX,88,124
XX,03,XX,XX,04,07,18,39,XX,XX,XX,43,45,XX,48,XX,59,64,XX,XX,66,XX,74,83,84,XX,87,125
10,XX,18,22,24,XX,XX,25,XX,XX,38,39,45,XX,XX,50,66,XX,XX,67,72,73,XX,XX,82,XX,84,126
09,10,14,XX,XX,19,20,XX,XX,XX,XX,23,24,XX,34,XX,40,45,49,XX,52,XX,55,58,XX,XX,81,127
XX,XX,01,04,11,14,XX,XX,20,25,XX,30,46,52,59,XX,XX,XX,62,XX,67,XX,XX,68,XX,75,90,128
11,XX,XX,16,23,25,XX,XX,33,35,XX,XX,38,39,43,XX,XX,51,XX,XX,54,XX,64,67,75,79,XX,129
03,09,17,XX,32,XX,XX,XX,41,XX,XX,45,51,52,XX,53,XX,59,XX,69,XX,XX,72,82,85,XX,90,130
02,XX,XX,XX,03,05,11,XX,20,XX,23,24,XX,XX,25,33,36,XX,XX,52,XX,XX,71,72,77,XX,78,131
11,XX,17,23,XX,26,39,XX,XX,42,XX,43,54,55,XX,58,XX,XX,68,XX,XX,71,XX,77,78,XX,84,132
03,05,XX,25,XX,31,XX,36,XX,XX,42,43,XX,XX,XX,46,54,61,71,72,XX,XX,XX,XX,74,85,87,133
01,XX,18,19,XX,25,XX,29,XX,XX,33,46,XX,58,XX,XX,60,71,XX,XX,XX,XX,73,75,76,79,80,134
14,XX,XX,XX,18,XX,20,25,36,XX,XX,38,49,51,66,70,XX,XX,XX,71,73,XX,XX,75,XX,80,86,135
02,XX,10,XX,XX,14,26,31,XX,XX,32,XX,XX,48,72,74,XX,76,XX,78,XX,XX,79,80,86,88,XX,136
XX,28,29,XX,32,34,36,XX,XX,38,XX,XX,39,51,XX,53,XX,54,XX,57,70,71,XX,76,XX,82,XX,137
XX,02,03,06,XX,09,24,XX,XX,31,XX,34,36,XX,43,XX,46,XX,58,62,XX,XX,65,77,XX,88,XX,138
16,XX,XX,XX,25,29,XX,30,33,40,46,XX,XX,47,XX,48,53,XX,57,XX,XX,66,67,69,75,XX,XX,139
02,14,15,XX,XX,24,XX,XX,29,XX,49,52,53,XX,XX,63,64,XX,70,75,76,81,XX,90,XX,XX,XX,140
XX,04,15,XX,16,XX,32,34,XX,XX,35,43,XX,XX,47,56,XX,58,XX,71,76,XX,XX,81,89,90,XX,141
01,XX,XX,11,XX,13,17,20,XX,24,XX,XX,35,41,XX,54,63,XX,XX,XX,65,XX,75,76,77,XX,87,142
XX,XX,14,16,19,27,XX,30,XX,XX,43,45,51,XX,XX,63,XX,65,66,XX,XX,72,81,89,XX,XX,90,143
XX,03,06,XX,XX,14,45,51,XX,XX,XX,58,64,68,XX,75,76,XX,77,XX,80,82,87,90,XX,XX,XX,144
XX,12,29,36,42,45,XX,XX,XX,XX,XX,XX,XX,53,54,58,61,65,XX,66,XX,69,XX,71,XX,82,89,145
XX,11,12,XX,XX,19,24,36,XX,44,XX,XX,XX,48,XX,50,53,62,68,XX,77,XX,XX,80,XX,83,89,146
05,09,XX,XX,XX,24,XX,25,27,28,34,XX,XX,XX,35,XX,37,56,58,59,XX,70,73,XX,XX,76,XX,147
01,XX,XX,04,21,XX,29,XX,31,35,51,54,XX,XX,XX,60,XX,65,XX,73,XX,78,80,XX,XX,86,88,148
04,07,XX,21,XX,XX,XX,23,25,29,40,XX,XX,XX,42,43,XX,57,XX,60,72,73,84,XX,XX,88,XX,149
12,14,16,XX,17,21,XX,XX,XX,XX,23,31,41,42,XX,48,XX,XX,62,70,83,84,XX,86,XX,XX,XX,150
XX,02,09,XX,XX,XX,13,20,28,31,34,XX,XX,36,43,XX,50,XX,58,XX,XX,68,XX,XX,76,83,88,151
XX,07,08,09,17,XX,XX,XX,23,41,XX,XX,XX,51,53,55,XX,60,XX,61,XX,65,XX,77,80,87,XX,152
01,XX,04,11,XX,14,XX,XX,17,XX,18,25,39,XX,41,XX,XX,46,XX,54,59,61,72,XX,90,XX,XX,153
06,10,XX,XX,XX,20,XX,33,39,XX,XX,XX,52,XX,54,57,62,68,77,81,XX,XX,XX,XX,83,87,88,154
05,XX,11,XX,XX,12,13,XX,26,33,XX,42,XX,43,XX,XX,44,51,54,XX,XX,XX,58,75,XX,78,88,155
02,11,13,XX,16,XX,XX,22,XX,27,XX,32,52,XX,XX,61,XX,65,XX,XX,69,73,82,86,XX,XX,90,156
02,XX,XX,26,27,31,XX,40,XX,XX,53,57,XX,60,65,XX,67,XX,XX,XX,XX,71,XX,73,77,84,88,157
XX,10,XX,13,XX,14,22,XX,23,XX,XX,26,XX,38,46,XX,48,49,XX,XX,66,73,74,XX,82,XX,83,158
05,XX,XX,06,XX,07,11,XX,12,XX,XX,14,17,XX,XX,44,56,61,XX,66,XX,68,71,82,83,XX,XX,159
12,18,19,27,XX,XX,XX,XX,28,XX,XX,XX,33,35,36,41,XX,43,XX,XX,XX,46,47,62,65,XX,69,160
XX,03,09,10,25,27,XX,XX,XX,34,43,XX,58,XX,65,67,XX,XX,XX,XX,68,72,XX,XX,73,78,83,161
06,10,XX,XX,XX,XX,12,27,28,29,30,31,38,XX,52,XX,XX,XX,XX,61,66,67,86,XX,XX,89,XX,162
XX,02,XX,05,06,07,XX,08,XX,10,14,XX,XX,35,XX,37,40,XX,XX,43,XX,48,54,XX,74,84,XX,163
XX,XX,XX,XX,01,07,19,23,26,28,40,45,XX,61,XX,70,XX,XX,76,XX,XX,79,XX,85,86,87,XX,164
03,XX,XX,XX,XX,15,19,26,29,XX,XX,32,36,XX,XX,40,45,58,64,XX,68,XX,76,XX,XX,81,83,165
02,XX,06,11,12,XX,XX,XX,22,30,XX,XX,35,XX,XX,37,38,61,XX,62,67,80,81,XX,XX,88,XX,166
02,06,XX,XX,07,XX,08,XX,15,29,41,XX,XX,XX,55,XX,70,71,XX,75,78,XX,82,88,XX,89,XX,167
06,15,XX,XX,XX,18,22,XX,24,50,51,XX,52,53,XX,XX,XX,63,64,XX,XX,XX,66,68,XX,79,84,168
XX,01,27,XX,28,XX,29,32,XX,36,XX,XX,42,48,58,XX,XX,60,68,73,77,XX,XX,XX,78,XX,83,169
02,XX,09,XX,17,27,XX,XX,31,34,40,XX,XX,49,53,56,XX,XX,XX,59,XX,61,XX,64,80,85,XX,170
05,07,15,16,XX,XX,XX,28,XX,XX,36,38,XX,XX,47,XX,49,57,65,77,81,83,XX,XX,XX,XX,86,171
05,XX,08,12,XX,35,XX,XX,38,43,XX,46,XX,XX,54,64,XX,66,XX,77,78,80,83,XX,89,XX,XX,172
01,13,XX,14,XX,XX,19,20,XX,XX,XX,XX,21,XX,24,30,40,44,59,XX,62,XX,66,67,XX,77,XX,173
XX,02,03,05,XX,XX,XX,08,11,XX,17,26,XX,34,36,XX,XX,40,41,51,56,59,XX,XX,90,XX,XX,174
XX,08,14,XX,21,24,XX,30,XX,37,XX,XX,43,XX,46,XX,50,52,53,70,XX,73,XX,XX,80,81,XX,175
XX,XX,XX,06,24,26,XX,31,32,XX,48,60,XX,62,XX,64,XX,65,XX,67,69,XX,70,XX,XX,76,85,176
01,06,09,XX,XX,26,XX,28,XX,32,XX,XX,36,37,46,XX,69,XX,72,XX,80,XX,85,XX,87,90,XX,177
02,XX,07,XX,15,XX,25,36,XX,38,41,45,XX,46,XX,48,XX,XX,56,69,XX,73,XX,76,XX,XX,90,178
XX,04,05,11,XX,15,XX,XX,17,21,25,XX,XX,28,XX,40,XX,50,XX,62,70,XX,72,XX,84,XX,90,179
05,23,XX,32,XX,36,XX,43,XX,XX,XX,48,52,63,66,XX,XX,69,XX,XX,74,XX,XX,75,78,83,88,180
03,11,XX,XX,XX,XX,34,37,41,XX,XX,43,45,XX,XX,48,50,56,XX,XX,59,69,79,81,XX,86,XX,181
XX,11,XX,XX,14,19,XX,22,26,29,XX,37,46,XX,XX,49,52,XX,64,XX,65,XX,66,XX,XX,69,76,182
XX,16,20,21,22,XX,XX,XX,23,XX,XX,24,28,XX,XX,39,44,61,68,77,82,XX,87,88,XX,XX,XX,183
XX,XX,01,14,XX,27,28,42,XX,XX,XX,44,45,XX,47,50,XX,52,57,XX,74,76,XX,XX,80,XX,83,184
04,XX,14,16,17,38,XX,XX,XX,XX,41,XX,48,51,XX,XX,53,64,XX,68,70,77,XX,84,88,XX,XX,185
04,05,XX,12,13,XX,XX,27,XX,37,XX,XX,38,XX,43,XX,52,53,62,74,80,XX,83,XX,84,XX,XX,186
19,23,XX,26,XX,27,XX,XX,30,33,XX,35,XX,XX,41,45,XX,53,XX,60,XX,75,78,XX,XX,86,90,187
XX,10,14,38,XX,39,XX,XX,40,46,55,56,63,XX,XX,XX,70,XX,72,XX,74,XX,XX,79,XX,86,90,188
01,XX,02,08,13,XX,XX,XX,37,XX,42,XX,44,XX,XX,69,75,79,80,XX,84,85,XX,87,XX,XX,88,189
XX,10,12,20,26,XX,XX,XX,37,47,57,58,XX,XX,59,XX,61,XX,71,72,XX,XX,XX,XX,74,76,79,190
03,07,11,20,XX,XX,23,XX,XX,XX,XX,26,31,XX,45,XX,50,53,58,XX,XX,71,78,XX,XX,80,84,191
05,XX,14,XX,16,20,XX,XX,26,37,XX,38,52,62,XX,XX,64,XX,69,XX,XX,75,76,82,XX,84,XX,192
05,XX,XX,11,XX,27,XX,30,33,43,53,62,63,XX,64,XX,XX,XX,71,72,XX,XX,73,74,XX,XX,85,193
XX,XX,05,06,11,17,24,XX,XX,29,40,48,XX,51,52,XX,XX,XX,64,70,83,XX,XX,88,XX,XX,90,194
XX,15,XX,16,17,XX,21,22,XX,25,26,XX,36,XX,XX,37,XX,40,XX,XX,42,64,73,76,XX,XX,79,195
XX,01,03,XX,20,23,XX,25,XX,28,36,43,XX,46,66,XX,XX,XX,73,XX,81,XX,84,85,88,XX,XX,196
04,XX,08,09,XX,XX,13,XX,15,16,XX,17,XX,30,31,43,XX,XX,57,XX,59,XX,66,70,XX,XX,90,197
07,XX,XX,XX,12,XX,27,29,31,XX,39,59,61,XX,64,XX,68,XX,XX,XX,77,82,XX,XX,83,86,87,198
06,10,XX,14,XX,XX,19,XX,22,28,XX,40,49,XX,55,XX,60,XX,70,71,XX,XX,72,XX,74,XX,84,199
02,08,XX,09,XX,14,XX,XX,26,XX,38,XX,46,49,XX,57,XX,62,68,72,XX,73,XX,79,XX,80,XX,200
02,09,XX,XX,18,19,XX,25,XX,XX,XX,XX,XX,27,30,33,34,36,37,56,66,XX,88,89,XX,XX,XX,201
XX,XX,06,XX,12,15,16,26,XX,XX,28,XX,35,XX,XX,45,51,56,64,68,71,81,85,XX,XX,XX,XX,202
XX,12,XX,13,XX,21,23,XX,24,XX,25,XX,56,XX,XX,58,59,67,XX,XX,XX,74,XX,75,80,86,90,203
06,XX,XX,XX,07,14,22,39,XX,43,44,52,XX,XX,54,XX,55,XX,XX,XX,64,79,80,XX,XX,83,85,204
04,10,XX,16,XX,19,XX,XX,27,31,XX,45,XX,XX,52,XX,54,59,XX,XX,62,XX,XX,78,79,84,87,205
01,12,XX,14,XX,XX,XX,24,28,XX,38,XX,41,43,50,60,XX,XX,61,XX,69,75,XX,XX,XX,87,90,206
02,XX,14,19,XX,XX,26,47,XX,XX,53,XX,XX,60,69,71,XX,72,XX,80,XX,81,XX,82,85,XX,89,207
01,XX,XX,02,03,XX,XX,06,12,XX,XX,13,17,39,XX,41,42,XX,XX,57,61,XX,65,74,XX,87,XX,208
02,29,43,XX,XX,44,XX,XX,48,52,XX,XX,53,56,XX,61,62,XX,70,XX,78,XX,XX,82,84,XX,86,209
08,XX,XX,19,XX,24,XX,25,29,39,XX,41,43,49,XX,62,XX,XX,XX,70,XX,XX,73,XX,75,83,90,210
XX,01,XX,15,17,XX,23,26,XX,XX,35,40,XX,XX,44,49,XX,55,XX,57,XX,63,68,XX,XX,75,83,211
01,12,XX,XX,24,XX,XX,25,30,XX,XX,32,XX,34,XX,57,68,69,XX,76,XX,XX,XX,77,80,81,86,212
01,XX,11,XX,16,XX,XX,22,24,34,XX,49,XX,58,XX,59,69,XX,XX,XX,70,XX,71,75,78,XX,81,213
XX,01,XX,02,06,XX,13,XX,23,XX,26,XX,XX,31,XX,38,43,47,71,80,XX,81,85,XX,XX,XX,88,214
08,09,XX,XX,11,XX,21,24,XX,XX,27,40,45,XX,47,53,XX,XX,57,XX,XX,72,XX,75,82,89,XX,215
XX,XX,09,XX,16,XX,18,19,22,44,XX,49,53,58,XX,XX,66,XX,67,77,82,XX,XX,XX,87,XX,89,216
05,XX,09,XX,XX,11,15,16,XX,XX,28,XX,XX,33,37,XX,42,51,55,60,XX,77,84,XX,XX,XX,90,217
02,XX,XX,11,XX,14,19,XX,23,24,XX,25,XX,27,XX,38,XX,40,44,52,XX,62,72,XX,80,XX,XX,218
XX,04,XX,10,13,XX,16,XX,17,25,XX,XX,26,40,53,59,XX,XX,XX,63,XX,XX,67,XX,69,74,75,219
XX,04,XX,16,19,21,22,XX,XX,25,42,51,XX,XX,60,62,XX,XX,XX,66,72,XX,75,83,XX,XX,85,220
XX,10,12,XX,13,XX,26,27,XX,XX,XX,29,XX,34,37,XX,45,48,53,XX,XX,XX,56,57,73,88,XX,221
XX,XX,01,XX,04,XX,05,08,16,18,XX,20,37,42,XX,XX,XX,44,53,70,XX,XX,XX,72,77,XX,82,222
XX,XX,03,04,08,11,13,XX,XX,XX,14,15,XX,XX,XX,32,47,61,XX,64,74,79,XX,80,81,XX,XX,223
XX,08,XX,XX,12,16,XX,19,22,27,XX,XX,XX,28,XX,36,37,39,44,56,XX,59,66,XX,XX,XX,75,224
XX,11,XX,13,17,XX,35,39,XX,XX,46,XX,57,58,XX,67,68,XX,69,XX,70,80,84,XX,XX,XX,88,225
05,XX,09,21,XX,32,XX,35,XX,XX,36,XX,40,XX,XX,46,47,51,58,59,XX,63,XX,75,XX,XX,88,226
04,09,XX,21,29,XX,XX,34,XX,37,XX,38,XX,49,55,XX,58,XX,60,XX,75,87,88,90,XX,XX,XX,227
11,XX,18,XX,21,XX,XX,24,32,33,XX,48,XX,52,53,XX,XX,54,57,XX,XX,71,XX,XX,73,74,77,228
XX,XX,XX,19,26,XX,27,35,37,52,XX,62,XX,XX,69,70,75,XX,78,XX,XX,82,85,XX,88,XX,89,229
13,XX,14,21,XX,23,XX,33,XX,XX,34,45,46,XX,53,55,XX,XX,59,76,XX,78,XX,XX,XX,81,90,230
13,XX,XX,16,27,XX,29,XX,31,XX,XX,40,XX,XX,49,50,57,63,64,XX,68,70,74,XX,XX,XX,79,231
04,XX,XX,10,XX,17,25,XX,30,37,XX,38,XX,44,55,XX,59,XX,XX,61,65,XX,80,XX,85,86,XX,232
01,03,XX,XX,04,06,XX,17,XX,XX,XX,XX,19,22,XX,23,25,41,XX,44,70,XX,72,78,XX,XX,88,233
02,04,06,XX,17,XX,XX,18,XX,35,XX,38,50,XX,59,XX,XX,65,75,78,XX,XX,79,84,XX,90,XX,234
03,06,XX,XX,XX,XX,08,16,18,28,32,33,40,XX,XX,41,XX,XX,42,45,60,XX,84,XX,85,XX,XX,235
XX,XX,13,14,24,XX,29,XX,30,32,36,XX,XX,XX,XX,37,42,43,66,XX,74,80,82,87,XX,XX,XX,236
XX,05,XX,06,07,XX,XX,09,12,19,XX,XX,32,XX,47,XX,51,57,XX,58,XX,XX,63,XX,81,88,90,237
13,21,37,41,XX,XX,XX,42,XX,XX,XX,49,52,57,XX,59,XX,68,73,XX,XX,75,78,XX,XX,82,89,238
XX,05,XX,XX,19,36,39,XX,41,XX,43,XX,XX,XX,61,66,69,73,XX,76,XX,77,XX,XX,83,89,90,239
01,XX,XX,10,XX,14,27,XX,32,37,XX,XX,49,52,XX,XX,62,67,XX,68,72,79,XX,XX,87,XX,90,240
XX,08,XX,XX,11,XX,12,21,28,33,41,45,XX,XX,47,XX,XX,55,XX,59,77,79,85,XX,XX,87,XX,241
XX,XX,XX,XX,05,13,16,26,30,XX,37,43,45,54,58,XX,XX,XX,67,77,81,89,XX,XX,XX,90,XX,242
05,07,08,XX,XX,XX,14,XX,33,50,58,XX,XX,59,60,62,XX,XX,69,XX,XX,70,75,81,89,XX,XX,243
XX,03,XX,XX,XX,07,11,13,15,26,XX,XX,35,43,49,XX,XX,51,66,69,72,XX,74,XX,XX,80,XX,244
XX,07,18,20,XX,26,XX,XX,34,XX,XX,36,XX,43,47,XX,51,57,XX,60,XX,61,XX,70,72,XX,77,245
XX,XX,16,19,28,31,XX,XX,32,36,XX,39,46,47,56,XX,XX,XX,60,XX,71,XX,80,88,90,XX,XX,246
06,XX,XX,XX,07,11,15,XX,25,31,36,37,41,XX,53,XX,XX,XX,64,69,72,77,XX,XX,XX,XX,80,247
10,12,18,XX,24,27,XX,XX,XX,XX,XX,36,XX,37,49,XX,55,62,63,XX,72,XX,75,88,90,XX,XX,248
02,XX,03,XX,05,11,12,XX,XX,13,32,45,XX,46,XX,49,XX,XX,63,69,XX,XX,XX,73,76,XX,83,249
XX,05,XX,08,XX,19,34,XX,36,43,46,49,XX,XX,54,XX,57,XX,60,XX,XX,64,74,78,XX,XX,89,250
02,XX,XX,04,05,XX,XX,15,24,25,XX,27,XX,34,35,46,XX,XX,XX,49,XX,XX,XX,59,66,68,80,251
XX,07,XX,20,XX,26,31,XX,39,XX,43,44,XX,51,XX,52,XX,56,61,68,70,81,XX,XX,XX,88,XX,252
XX,XX,03,05,XX,06,XX,07,13,30,XX,36,XX,XX,43,XX,56,59,XX,62,XX,66,72,XX,XX,79,81,253
XX,XX,01,06,19,30,XX,35,XX,38,44,XX,XX,47,65,XX,XX,69,XX,XX,75,XX,80,82,XX,84,88,254
03,04,XX,XX,09,23,XX,33,XX,34,XX,37,43,XX,XX,52,XX,55,XX,XX,65,XX,70,XX,71,81,85,255
03,06,12,16,21,XX,XX,XX,XX,XX,25,XX,28,XX,34,XX,35,41,XX,46,49,58,XX,63,XX,70,XX,256
XX,01,03,06,07,XX,XX,10,XX,12,XX,XX,XX,XX,20,22,39,67,72,XX,XX,73,75,XX,78,87,XX,257
XX,XX,04,08,XX,13,14,XX,32,40,48,49,XX,XX,XX,XX,52,53,54,XX,70,XX,XX,77,79,XX,84,258
XX,03,XX,XX,12,16,17,XX,19,22,XX,XX,23,XX,XX,30,34,45,XX,XX,51,58,XX,70,XX,81,82,259
XX,07,XX,11,32,XX,36,42,XX,XX,43,49,XX,50,XX,57,59,XX,XX,XX,61,62,XX,63,XX,72,88,260
XX,XX,19,22,27,XX,39,40,XX,XX,XX,42,XX,XX,46,49,59,63,64,XX,XX,78,79,XX,XX,85,88,261
XX,XX,05,10,XX,XX,16,18,30,XX,XX,31,33,XX,35,41,XX,47,XX,49,64,XX,65,XX,81,XX,90,262
XX,XX,16,20,XX,32,XX,42,44,57,63,XX,64,XX,68,XX,69,XX,74,75,80,82,XX,XX,84,XX,XX,263
02,XX,XX,05,XX,XX,07,18,28,37,39,42,XX,47,XX,XX,49,XX,59,70,XX,72,82,XX,84,XX,XX,264
21,26,31,39,XX,XX,XX,XX,45,49,XX,XX,53,54,XX,56,XX,57,69,XX,XX,XX,71,74,XX,78,84,265
01,XX,11,14,XX,XX,XX,26,35,40,XX,XX,45,46,52,XX,XX,53,65,69,72,XX,XX,75,XX,XX,81,266
06,15,XX,XX,18,XX,XX,19,22,XX,XX,24,25,XX,XX,34,35,36,XX,50,61,75,85,XX,XX,XX,89,267
XX,06,16,22,XX,28,XX,XX,33,40,XX,42,XX,57,58,XX,XX,62,XX,74,77,XX,79,87,XX,89,XX,268
XX,05,XX,11,14,27,30,XX,XX,36,43,XX,XX,49,XX,XX,53,55,XX,XX,69,XX,72,XX,78,86,87,269
12,15,18,35,XX,XX,XX,XX,39,40,41,45,XX,46,XX,54,XX,XX,61,XX,63,XX,XX,XX,75,76,87,270
XX,XX,03,04,XX,06,10,23,XX,30,32,39,47,48,XX,XX,XX,XX,52,55,65,XX,67,XX,82,XX,XX,271
XX,15,16,XX,17,XX,29,34,XX,35,XX,38,XX,XX,43,XX,57,66,XX,XX,XX,69,70,72,82,XX,90,272
XX,15,24,31,XX,XX,35,XX,36,38,XX,39,41,XX,XX,42,XX,54,XX,XX,59,60,XX,61,XX,71,84,273
XX,02,08,XX,XX,10,13,17,XX,XX,22,27,28,XX,XX,31,XX,34,39,XX,XX,43,58,XX,XX,68,81,274
22,32,33,XX,40,44,XX,XX,XX,XX,XX,56,62,XX,63,64,XX,66,XX,74,79,84,XX,XX,85,89,XX,275
XX,XX,01,10,12,XX,19,XX,28,XX,XX,29,XX,33,37,45,XX,49,XX,XX,XX,53,XX,54,61,67,70,276
XX,03,XX,XX,05,20,31,XX,32,50,XX,XX,XX,55,62,XX,64,68,XX,74,76,XX,80,XX,83,XX,89,277
XX,01,XX,XX,02,08,11,XX,15,XX,XX,17,22,28,35,XX,36,XX,XX,XX,41,XX,49,54,XX,83,84,278
XX,XX,01,11,21,XX,32,XX,34,XX,47,49,51,XX,53,56,XX,XX,68,69,71,XX,XX,XX,XX,74,81,279
XX,XX,20,XX,21,22,XX,32,39,XX,XX,48,52,64,65,XX,XX,67,69,77,82,87,XX,XX,XX,XX,89,280
18,XX,22,XX,26,29,XX,XX,48,54,XX,57,XX,61,67,XX,69,XX,XX,71,XX,73,76,78,XX,XX,89,281
12,18,XX,XX,XX,XX,19,23,26,33,39,56,XX,XX,61,64,XX,XX,XX,XX,66,77,XX,81,88,89,XX,282
04,XX,10,22,XX,XX,24,35,XX,36,XX,XX,XX,41,46,52,XX,56,70,XX,XX,XX,78,XX,80,83,86,283
02,13,XX,14,XX,21,XX,24,XX,27,XX,30,XX,XX,XX,31,33,35,XX,XX,XX,37,50,78,80,82,XX,284
02,XX,XX,XX,11,12,XX,13,20,28,XX,XX,XX,30,31,34,XX,38,51,XX,59,XX,XX,63,XX,69,89,285
05,17,XX,26,27,XX,30,XX,XX,XX,31,36,37,XX,53,57,XX,XX,XX,61,XX,80,83,85,90,XX,XX,286
15,19,22,XX,35,XX,XX,XX,41,50,XX,51,54,XX,60,61,XX,XX,71,XX,79,84,XX,87,90,XX,XX,287
01,XX,11,XX,XX,13,23,XX,27,XX,XX,38,XX,XX,42,47,52,57,XX,XX,XX,61,67,XX,76,84,90,288
05,XX,XX,13,24,XX,XX,31,33,XX,45,XX,48,56,59,XX,63,XX,XX,65,71,72,XX,XX,XX,77,83,289
09,XX,XX,11,23,26,XX,36,XX,39,XX,XX,43,45,59,XX,61,XX,65,XX,XX,XX,85,86,88,XX,90,290
06,XX,08,XX,12,32,XX,XX,44,XX,XX,46,XX,55,61,XX,63,64,67,XX,71,78,XX,XX,81,XX,86,291
XX,XX,02,04,09,12,15,XX,XX,28,XX,35,43,49,XX,XX,60,XX,62,XX,XX,XX,67,80,84,XX,86,292
XX,XX,XX,08,24,33,35,XX,38,XX,XX,XX,43,57,XX,61,62,63,XX,70,71,74,XX,XX,78,XX,84,293
XX,XX,02,XX,05,06,25,XX,34,35,XX,37,XX,XX,45,XX,48,54,XX,XX,56,XX,58,61,81,90,XX,294
06,09,20,XX,25,XX,XX,33,XX,XX,XX,35,38,XX,43,59,XX,62,XX,XX,66,67,75,XX,78,XX,83,295
XX,02,05,13,XX,XX,XX,23,29,31,35,XX,36,XX,39,XX,50,XX,61,XX,69,XX,XX,XX,78,80,88,296
03,XX,XX,04,25,30,XX,34,XX,XX,42,52,XX,56,57,XX,64,XX,XX,67,73,82,XX,XX,84,XX,89,297
06,XX,25,27,32,XX,XX,XX,38,44,XX,XX,XX,47,XX,49,51,69,XX,70,XX,72,75,87,XX,XX,89,298
01,18,XX,24,XX,25,XX,XX,31,38,40,46,47,XX,53,XX,XX,XX,XX,55,XX,57,69,72,XX,XX,86,299
XX,02,07,XX,16,26,XX,30,XX,XX,XX,37,42,59,XX,60,63,XX,XX,65,XX,71,77,XX,XX,83,90,300
03,XX,10,XX,15,XX,XX,30,43,48,53,63,XX,XX,XX,67,XX,68,72,XX,80,XX,83,84,87,XX,XX,301
02,XX,36,37,XX,38,XX,XX,39,XX,45,XX,50,65,XX,XX,70,81,XX,XX,83,XX,84,86,88,90,XX,302
XX,XX,08,15,XX,16,28,XX,35,XX,45,48,XX,50,XX,XX,60,61,XX,XX,XX,66,72,76,87,90,XX,303
XX,08,16,18,XX,XX,19,34,XX,38,XX,XX,XX,40,42,XX,52,66,70,72,XX,79,84,XX,89,XX,XX,304
09,12,14,XX,XX,XX,XX,21,26,43,XX,XX,48,50,XX,53,XX,58,XX,59,XX,61,XX,66,XX,68,87,305
07,13,14,XX,XX,24,XX,XX,27,40,XX,XX,42,44,58,XX,66,XX,71,XX,XX,74,84,87,88,XX,XX,306
01,XX,XX,07,08,XX,12,19,XX,XX,25,XX,48,XX,52,62,XX,64,65,67,74,XX,87,XX,88,XX,XX,307
07,XX,XX,09,16,20,XX,25,XX,XX,38,XX,48,51,55,XX,65,XX,66,67,XX,76,87,XX,XX,88,XX,308
01,XX,11,XX,XX,XX,20,25,27,35,42,XX,46,XX,47,57,XX,XX,XX,XX,65,74,77,88,XX,89,XX,309
XX,02,XX,03,XX,15,XX,23,28,32,35,XX,XX,XX,43,46,XX,48,54,XX,67,XX,68,77,78,XX,XX,310
XX,XX,11,XX,12,18,22,XX,23,55,59,XX,66,XX,XX,XX,67,68,78,79,80,XX,XX,XX,XX,82,87,311
XX,14,15,19,23,XX,39,XX,XX,XX,XX,43,48,49,XX,XX,65,68,74,XX,75,82,89,90,XX,XX,XX,312
20,XX,XX,XX,XX,22,30,32,42,XX,XX,45,46,54,55,66,XX,XX,72,XX,79,XX,XX,XX,80,83,85,313
03,XX,11,XX,XX,XX,13,24,28,29,35,XX,36,XX,XX,40,XX,52,XX,XX,71,72,XX,83,XX,84,85,314
14,XX,21,24,XX,XX,29,34,XX,XX,XX,38,44,XX,51,56,67,XX,73,80,87,88,XX,90,XX,XX,XX,315
03,XX,10,XX,XX,17,26,29,XX,XX,XX,31,40,43,52,XX,XX,59,XX,63,69,74,77,XX,XX,84,XX,316
XX,XX,01,08,XX,11,16,XX,24,XX,46,62,66,XX,74,XX,XX,75,77,XX,XX,78,XX,XX,85,86,90,317
02,XX,06,09,16,18,XX,XX,XX,36,XX,41,XX,XX,42,XX,43,47,XX,53,XX,63,XX,67,72,XX,87,318
02,08,XX,XX,XX,09,13,16,XX,17,31,XX,XX,40,45,XX,47,XX,XX,49,57,66,XX,70,89,XX,XX,319
XX,04,12,XX,13,XX,XX,19,22,XX,XX,29,34,47,XX,58,60,XX,XX,XX,61,63,XX,78,85,86,XX,320
04,05,XX,15,XX,17,33,XX,XX,38,39,XX,40,XX,41,42,XX,XX,44,XX,45,XX,52,XX,58,XX,67,321
04,13,XX,XX,15,23,38,XX,XX,40,41,47,XX,60,XX,XX,69,XX,XX,71,78,XX,XX,XX,83,88,89,322
01,XX,04,10,12,XX,XX,XX,13,18,29,31,36,XX,XX,XX,39,XX,XX,43,59,XX,62,79,88,XX,XX,323
05,XX,11,19,XX,23,25,XX,XX,33,47,XX,51,55,XX,59,XX,XX,62,XX,XX,64,69,XX,74,XX,88,324
XX,05,XX,12,XX,XX,13,19,26,XX,28,XX,33,37,45,XX,XX,49,55,70,XX,74,XX,XX,75,XX,82,325
18,22,XX,23,XX,XX,25,XX,32,36,XX,42,XX,XX,54,XX,58,60,62,67,XX,XX,80,XX,XX,82,86,326
XX,03,XX,XX,07,XX,16,25,27,XX,XX,35,44,XX,46,50,XX,65,XX,67,XX,71,74,77,87,XX,XX,327
04,XX,08,15,35,XX,45,XX,XX,XX,50,56,XX,62,67,74,XX,XX,76,XX,XX,77,84,87,88,XX,XX,328
01,XX,XX,06,XX,09,12,XX,24,XX,35,37,39,XX,41,51,XX,XX,52,XX,72,76,80,XX,81,XX,XX,329
XX,05,17,XX,25,36,51,XX,XX,52,57,XX,63,65,71,XX,XX,XX,XX,72,74,82,XX,XX,83,XX,84,330
01,XX,05,08,XX,09,18,XX,XX,28,XX,36,XX,37,41,49,XX,XX,XX,XX,XX,51,XX,77,79,84,85,331
03,04,XX,XX,06,XX,14,20,XX,XX,23,27,32,41,XX,XX,XX,43,47,61,68,80,XX,XX,XX,XX,84,332
XX,09,XX,12,20,21,XX,24,XX,49,XX,XX,XX,52,55,58,61,XX,XX,71,XX,XX,76,78,87,XX,90,333
XX,XX,03,04,XX,15,XX,21,24,37,44,XX,49,XX,XX,XX,52,57,XX,59,XX,XX,60,64,71,72,XX,334
XX,06,XX,10,18,41,50,XX,XX,53,55,57,XX,61,XX,XX,XX,62,XX,64,67,XX,70,80,XX,89,XX,335
04,07,09,XX,XX,17,XX,26,XX,XX,XX,35,46,56,XX,XX,62,67,71,76,XX,80,82,85,XX,XX,XX,336
01,XX,07,XX,10,XX,13,XX,14,19,20,XX,XX,26,XX,32,34,XX,40,XX,55,79,87,XX,90,XX,XX,337
XX,XX,05,18,23,XX,25,38,XX,57,65,66,XX,69,XX,70,XX,XX,XX,XX,XX,74,XX,79,80,84,90,338
24,XX,27,28,XX,33,XX,XX,49,51,53,54,55,56,XX,XX,XX,XX,XX,XX,58,XX,62,71,73,74,XX,339
XX,XX,02,XX,12,XX,28,35,41,57,XX,XX,58,63,XX,66,67,XX,XX,73,78,XX,XX,86,XX,87,88,340
XX,05,06,XX,07,09,13,XX,XX,20,XX,XX,XX,23,XX,31,48,51,55,58,66,XX,69,XX,XX,XX,89,341
XX,01,02,15,16,17,XX,XX,XX,18,23,XX,26,XX,35,55,XX,XX,58,XX,64,73,XX,XX,XX,75,78,342
13,XX,20,XX,23,27,XX,XX,31,34,44,XX,XX,56,XX,58,XX,63,XX,71,75,76,XX,XX,XX,82,85,343
XX,04,05,19,XX,XX,21,XX,32,XX,XX,XX,39,43,50,XX,59,66,XX,70,80,88,89,XX,XX,XX,90,344
01,15,XX,19,XX,31,XX,XX,34,XX,44,53,XX,XX,57,58,59,XX,XX,61,63,73,XX,75,XX,XX,86,345
XX,01,06,11,XX,18,XX,27,XX,32,XX,XX,XX,XX,35,39,47,51,62,XX,68,73,XX,XX,XX,86,89,346
08,15,XX,XX,XX,XX,22,26,28,XX,30,35,46,64,65,XX,XX,XX,XX,XX,73,XX,76,84,86,XX,88,347
02,07,XX,11,XX,XX,14,23,XX,30,39,XX,XX,XX,41,XX,48,50,51,XX,XX,XX,60,66,XX,69,74,348
XX,XX,02,18,XX,20,25,26,XX,43,45,XX,53,XX,55,XX,70,XX,73,74,77,XX,XX,XX,XX,82,87,349
08,17,24,XX,XX,XX,32,XX,34,43,XX,XX,48,52,57,XX,XX,69,71,73,XX,74,76,XX,88,XX,XX,350
08,XX,14,24,XX,26,XX,XX,31,36,XX,44,XX,49,51,XX,XX,56,XX,XX,XX,63,68,71,XX,72,90,351
XX,05,XX,XX,17,XX,24,38,41,46,XX,47,XX,57,XX,66,67,XX,XX,69,77,XX,XX,80,XX,85,89,352
XX,08,11,XX,13,XX,20,XX,22,29,XX,XX,30,37,XX,50,XX,57,66,XX,75,85,88,XX,XX,XX,89,353
XX,03,06,13,14,XX,XX,18,XX,25,27,XX,XX,43,XX,XX,46,47,XX,49,XX,54,66,XX,69,89,XX,354
01,02,XX,07,XX,08,21,XX,XX,35,XX,38,42,XX,49,XX,XX,54,58,62,XX,XX,68,70,78,XX,XX,355
04,XX,10,11,16,22,XX,XX,XX,XX,XX,26,XX,XX,28,36,37,47,XX,XX,56,XX,63,71,83,XX,87,356
XX,07,14,16,XX,27,XX,XX,34,42,53,XX,59,63,XX,XX,66,XX,XX,67,XX,XX,71,74,XX,76,78,357
06,13,XX,XX,14,XX,16,20,XX,24,34,36,XX,42,49,XX,XX,XX,50,55,58,XX,65,XX,XX,XX,82,358
01,XX,03,07,XX,XX,XX,12,18,20,29,XX,32,XX,36,43,XX,XX,54,XX,XX,60,XX,64,XX,76,86,359
14,XX,17,22,XX,XX,XX,30,32,XX,34,53,59,61,XX,67,XX,XX,XX,XX,68,69,76,XX,84,89,XX,360
XX,XX,02,XX,04,09,11,XX,21,XX,XX,XX,40,57,60,XX,73,74,76,80,XX,XX,81,XX,XX,87,90,361
XX,01,08,XX,14,XX,XX,26,34,35,XX,XX,45,54,XX,55,61,XX,66,70,XX,75,XX,77,XX,79,XX,362
04,XX,XX,XX,19,22,23,XX,36,41,42,44,XX,49,XX,54,XX,XX,XX,56,XX,XX,58,79,87,XX,90,363
XX,06,XX,07,XX,12,13,21,XX,XX,28,31,XX,XX,35,51,XX,56,60,XX,XX,XX,62,64,73,XX,84,364
XX,XX,03,05,XX,08,21,25,XX,27,XX,35,XX,41,48,XX,XX,79,80,XX,XX,XX,85,86,87,XX,90,365
02,XX,04,05,XX,XX,XX,14,20,XX,XX,25,XX,33,41,XX,43,45,XX,54,58,XX,70,XX,82,XX,90,366
XX,12,13,XX,16,XX,19,20,XX,XX,23,XX,XX,35,39,40,XX,46,59,60,XX,69,XX,70,XX,XX,84,367
XX,02,XX,XX,07,09,13,18,XX,20,36,42,46,XX,XX,XX,54,XX,58,67,XX,77,XX,81,XX,XX,85,368
02,XX,03,XX,06,13,XX,21,XX,XX,24,XX,XX,29,39,XX,43,48,52,66,68,XX,XX,70,XX,XX,82,369
01,06,XX,XX,XX,18,XX,27,31,33,39,46,XX,47,XX,55,XX,XX,XX,59,63,XX,80,XX,86,90,XX,370
XX,XX,03,11,XX,16,XX,18,20,XX,XX,XX,XX,24,28,29,33,36,XX,52,XX,56,XX,80,82,86,XX,371
08,XX,20,26,XX,XX,28,XX,30,31,XX,35,49,XX,XX,56,XX,58,XX,XX,66,75,XX,XX,78,88,90,372
02,XX,04,XX,05,06,XX,10,XX,18,XX,XX,22,XX,XX,24,31,33,XX,XX,36,39,45,XX,XX,54,88,373
04,09,14,XX,XX,XX,XX,21,35,43,XX,46,53,55,XX,XX,68,XX,70,71,XX,XX,82,83,90,XX,XX,374
04,07,XX,18,XX,19,22,XX,XX,30,36,XX,XX,XX,45,47,55,XX,XX,69,70,73,XX,XX,XX,75,81,375
XX,03,07,09,16,XX,XX,XX,28,35,36,43,XX,XX,45,52,XX,XX,66,74,XX,XX,77,82,XX,90,XX,376
XX,02,05,07,10,17,XX,XX,XX,XX,19,XX,21,XX,XX,32,34,45,XX,66,68,XX,XX,77,XX,80,87,377
02,05,06,XX,20,XX,39,XX,XX,XX,XX,40,42,XX,43,44,45,XX,XX,55,64,XX,XX,XX,70,80,83,378
XX,XX,XX,02,03,18,XX,19,21,39,40,XX,XX,XX,45,57,XX,58,XX,XX,60,62,73,75,90,XX,XX,379
XX,02,10,XX,XX,12,14,XX,26,XX,29,37,42,XX,XX,44,58,XX,59,XX,69,70,XX,74,XX,76,XX,380
01,XX,03,XX,XX,15,31,35,XX,36,XX,39,XX,41,43,XX,XX,53,58,XX,65,73,XX,77,85,XX,XX,381
15,XX,XX,XX,16,XX,17,18,19,XX,32,37,XX,XX,54,68,XX,69,72,73,XX,XX,XX,76,79,XX,83,382
01,05,XX,10,XX,17,XX,21,XX,23,XX,32,XX,35,40,46,XX,XX,XX,47,54,69,79,XX,90,XX,XX,383
02,XX,XX,XX,08,16,XX,18,23,XX,36,40,XX,XX,44,53,XX,58,XX,XX,60,62,70,77,XX,XX,83,384
06,13,XX,20,XX,XX,22,XX,27,XX,41,44,XX,45,46,49,XX,XX,XX,XX,XX,XX,55,68,75,86,90,385
XX,XX,07,15,XX,35,36,41,XX,46,55,56,59,XX,XX,XX,XX,66,XX,69,XX,70,73,XX,XX,81,85,386
05,XX,XX,XX,10,13,15,XX,18,XX,19,59,64,XX,65,66,XX,XX,XX,XX,69,XX,XX,75,77,86,87,387
XX,06,08,10,XX,19,XX,XX,20,XX,XX,21,38,XX,42,43,XX,44,60,XX,XX,61,XX,71,78,XX,80,388
08,11,XX,18,XX,XX,29,33,XX,39,XX,43,47,XX,48,55,XX,XX,XX,63,65,XX,68,XX,69,XX,74,389
XX,19,XX,25,XX,42,50,XX,57,XX,63,XX,64,XX,65,66,XX,69,73,80,81,XX,86,XX,XX,89,XX,390
05,11,12,23,XX,XX,XX,31,XX,XX,38,XX,41,45,XX,48,49,XX,51,XX,52,XX,54,XX,59,70,XX,391
05,23,XX,25,XX,XX,38,47,XX,XX,XX,48,51,XX,53,54,XX,63,XX,75,77,79,XX,89,90,XX,XX,392
01,XX,XX,11,XX,16,19,33,XX,34,XX,37,50,XX,57,XX,66,XX,72,XX,XX,73,81,XX,XX,82,83,393
12,28,XX,XX,XX,29,35,36,XX,XX,37,XX,38,43,XX,XX,46,58,66,XX,69,80,81,87,XX,XX,XX,394
04,05,XX,06,XX,07,XX,XX,08,XX,XX,10,17,XX,32,35,36,XX,XX,44,47,48,XX,XX,54,XX,73,395
03,09,13,XX,XX,18,XX,XX,23,XX,30,42,50,XX,51,XX,60,XX,63,72,XX,75,XX,85,87,XX,XX,396
15,17,XX,XX,27,30,XX,XX,33,41,XX,44,56,XX,61,XX,66,XX,67,68,XX,72,XX,XX,73,XX,81,397
01,XX,07,XX,XX,08,10,16,XX,18,XX,30,XX,31,XX,36,37,XX,42,XX,XX,XX,49,59,70,XX,80,398
06,12,XX,16,23,29,XX,XX,XX,31,XX,XX,36,37,XX,38,XX,42,XX,47,XX,66,68,77,XX,81,XX,399
01,09,10,XX,27,XX,XX,30,XX,XX,XX,31,34,43,46,49,XX,XX,56,63,XX,72,XX,77,XX,XX,78,400
03,XX,XX,20,XX,XX,33,40,44,46,48,XX,XX,54,XX,XX,58,64,66,XX,67,XX,79,83,XX,89,XX,401
XX,05,XX,12,13,14,XX,23,XX,25,31,XX,XX,42,XX,48,62,XX,63,XX,66,77,XX,80,XX,XX,85,402
03,XX,04,XX,XX,XX,21,25,35,36,38,39,XX,XX,44,XX,XX,58,60,XX,XX,XX,66,68,76,XX,82,403
XX,01,XX,04,11,XX,24,32,XX,37,40,49,51,56,XX,XX,XX,XX,XX,62,XX,67,XX,73,84,85,XX,404
09,11,12,17,XX,XX,XX,18,XX,23,29,32,XX,44,64,XX,XX,XX,XX,XX,XX,72,XX,78,79,84,86,405
04,07,XX,08,13,XX,XX,XX,15,XX,23,41,44,48,XX,53,XX,XX,XX,55,XX,66,71,76,XX,XX,83,406
XX,XX,03,XX,04,XX,08,17,23,27,28,XX,31,XX,XX,35,36,XX,XX,XX,44,50,51,XX,58,XX,69,407
XX,XX,06,08,13,XX,XX,16,19,24,39,XX,XX,44,XX,55,59,XX,61,63,XX,64,XX,XX,69,XX,75,408
06,XX,07,XX,XX,17,20,24,XX,26,XX,43,45,48,52,XX,XX,XX,63,69,73,XX,XX,XX,79,90,XX,409
06,07,16,21,XX,XX,XX,22,XX,30,33,36,XX,XX,37,52,XX,XX,XX,XX,56,59,68,73,XX,80,XX,410
XX,XX,XX,02,14,19,23,XX,34,40,41,XX,49,56,57,XX,XX,XX,XX,XX,59,77,80,83,89,XX,XX,411
XX,05,07,XX,XX,XX,09,11,18,25,37,XX,38,XX,XX,43,XX,44,XX,47,XX,51,58,74,XX,76,XX,412
06,16,22,XX,24,27,XX,XX,XX,XX,XX,28,30,35,XX,46,XX,58,59,XX,XX,70,73,76,89,XX,XX,413
01,04,XX,08,17,19,XX,XX,XX,XX,25,XX,31,42,XX,XX,44,49,65,XX,XX,71,73,75,XX,85,XX,414
XX,XX,01,XX,XX,09,24,27,28,XX,32,45,XX,50,XX,54,XX,64,XX,73,78,80,XX,XX,86,XX,88,415
XX,XX,04,XX,08,25,26,40,XX,XX,42,XX,46,48,49,XX,57,XX,XX,XX,58,XX,63,80,XX,82,90,416
11,27,XX,XX,XX,29,32,33,XX,XX,37,45,XX,53,55,XX,69,XX,XX,XX,71,XX,77,XX,82,86,87,417
XX,04,09,XX,13,15,22,XX,XX,30,32,41,XX,XX,XX,XX,42,46,XX,50,65,73,XX,XX,XX,79,87,418
01,04,XX,XX,05,10,XX,XX,30,37,43,47,XX,48,XX,XX,54,XX,XX,XX,69,75,76,XX,XX,82,89,419
05,XX,14,XX,23,41,44,XX,XX,49,51,XX,XX,54,58,62,XX,XX,XX,XX,70,73,82,88,90,XX,XX,420
XX,XX,XX,XX,04,08,13,22,25,XX,42,44,45,XX,48,58,XX,XX,60,70,XX,81,83,XX,XX,88,XX,421
XX,01,XX,XX,05,10,11,XX,16,22,30,XX,XX,39,43,XX,XX,46,XX,59,61,XX,65,74,XX,XX,80,422
XX,03,05,11,XX,XX,12,XX,16,XX,20,24,XX,XX,XX,26,29,39,44,XX,65,74,77,89,XX,XX,XX,423
XX,04,XX,06,XX,14,XX,18,28,XX,39,53,57,XX,XX,61,XX,65,82,83,XX,XX,XX,86,XX,88,90,424
06,07,XX,11,XX,XX,XX,12,15,19,25,26,XX,32,XX,XX,XX,40,XX,XX,XX,49,53,58,59,66,XX,425
03,XX,07,XX,10,XX,18,XX,22,25,XX,26,30,44,XX,56,XX,XX,62,75,84,86,XX,XX,XX,XX,89,426
14,19,21,XX,XX,XX,24,XX,29,XX,35,37,38,XX,39,XX,XX,40,42,XX,60,XX,63,67,XX,82,XX,427
02,XX,04,17,18,XX,19,XX,XX,20,XX,28,44,XX,50,52,XX,XX,XX,55,57,XX,XX,62,63,74,XX,428
03,XX,14,XX,XX,15,21,26,XX,28,36,XX,XX,XX,38,41,47,XX,49,51,65,67,XX,87,XX,XX,XX,429
XX,04,XX,13,26,29,35,XX,XX,XX,40,43,XX,46,XX,50,XX,61,64,71,XX,XX,75,XX,XX,83,90,430
XX,18,22,28,XX,XX,32,XX,33,37,51,61,XX,XX,XX,XX,65,71,XX,73,XX,75,XX,76,XX,80,83,431
04,07,XX,09,10,12,XX,XX,XX,15,24,27,XX,33,XX,38,XX,XX,XX,XX,XX,46,66,77,XX,87,88,432
XX,XX,XX,XX,01,09,13,15,17,21,33,XX,XX,45,XX,57,58,XX,59,62,65,XX,67,XX,XX,XX,87,433
XX,03,04,XX,08,13,XX,XX,26,XX,XX,XX,53,XX,55,56,60,65,XX,68,XX,XX,77,80,XX,87,88,434
XX,XX,06,12,13,XX,XX,18,30,58,65,XX,XX,XX,XX,68,69,70,XX,78,XX,XX,XX,79,80,83,86,435
XX,02,XX,03,XX,15,17,XX,18,21,XX,XX,23,32,XX,34,XX,42,XX,48,XX,XX,51,XX,52,76,78,436
XX,01,02,XX,XX,03,10,XX,14,16,XX,XX,31,XX,41,45,XX,59,60,71,75,XX,XX,XX,XX,88,89,437
XX,01,XX,XX,13,XX,19,29,36,44,57,60,XX,XX,70,XX,XX,72,74,XX,XX,78,XX,84,85,90,XX,438
01,10,12,XX,XX,XX,XX,22,40,43,XX,XX,48,56,XX,58,68,XX,71,75,81,XX,84,XX,XX,86,XX,439
11,12,XX,22,26,XX,XX,XX,32,41,54,56,57,XX,62,XX,XX,XX,XX,70,XX,82,83,86,90,XX,XX,440
10,XX,15,23,XX,XX,36,XX,48,53,59,XX,61,62,72,XX,XX,XX,XX,77,XX,85,XX,87,88,90,XX,441
XX,01,XX,XX,02,07,20,XX,23,XX,XX,24,28,XX,XX,38,48,49,XX,53,57,63,XX,84,XX,85,XX,442
01,04,10,16,XX,XX,17,XX,XX,XX,20,XX,29,XX,30,31,XX,43,XX,64,68,XX,70,XX,XX,82,89,443
XX,04,XX,22,39,46,XX,48,XX,49,57,61,XX,XX,72,XX,XX,77,80,XX,85,86,87,88,XX,XX,XX,444
02,13,XX,XX,18,26,XX,XX,40,XX,50,57,65,XX,XX,73,75,XX,78,XX,81,82,XX,84,XX,XX,90,445
XX,XX,XX,07,20,23,31,XX,36,43,XX,XX,XX,48,XX,50,52,58,XX,XX,68,73,77,XX,88,XX,89,446
02,04,XX,XX,15,XX,17,25,XX,XX,XX,XX,30,39,41,60,71,XX,XX,72,XX,80,XX,XX,82,86,90,447
XX,02,XX,06,18,21,XX,XX,30,33,XX,36,41,XX,43,XX,XX,45,58,72,XX,XX,76,79,XX,82,XX,448
05,11,12,XX,XX,16,XX,XX,29,XX,35,XX,XX,43,45,47,50,XX,51,XX,XX,XX,XX,56,63,68,77,449
XX,XX,03,05,XX,22,23,29,XX,36,44,47,XX,XX,XX,XX,59,60,67,XX,XX,69,XX,72,81,XX,84,450
02,XX,XX,13,16,XX,XX,33,43,XX,XX,45,XX,51,60,68,XX,70,72,XX,73,78,80,XX,XX,XX,81,451
09,11,12,XX,XX,XX,39,45,XX,XX,XX,49,52,XX,XX,55,63,64,65,XX,69,XX,XX,71,72,XX,81,452
XX,XX,04,XX,06,20,21,XX,26,XX,28,XX,29,XX,32,43,XX,49,XX,XX,XX,58,72,74,82,89,XX,453
XX,01,14,15,XX,17,21,XX,XX,XX,26,27,31,XX,XX,40,XX,49,XX,53,XX,XX,65,69,70,XX,78,454
01,XX,XX,07,XX,XX,14,24,31,32,XX,37,38,39,XX,XX,XX,45,XX,53,XX,XX,57,61,71,XX,79,455
03,12,XX,13,20,XX,XX,31,XX,32,33,43,67,XX,68,XX,XX,XX,69,XX,XX,76,XX,78,79,XX,82,456
11,19,22,XX,XX,XX,XX,27,28,39,43,49,XX,57,XX,XX,62,XX,XX,63,XX,66,XX,XX,71,73,88,457
03,06,XX,XX,19,23,XX,28,XX,37,XX,XX,XX,38,46,XX,47,52,64,XX,67,XX,77,80,XX,XX,82,458
03,04,XX,XX,XX,XX,05,08,17,XX,XX,24,XX,XX,29,30,38,44,XX,47,XX,XX,54,61,XX,68,81,459
03,XX,29,33,37,XX,39,XX,XX,XX,XX,53,XX,56,66,68,78,XX,XX,79,XX,80,81,87,XX,XX,89,460
01,XX,03,06,XX,07,XX,09,XX,XX,XX,26,34,XX,XX,43,44,45,46,XX,68,79,80,XX,XX,87,XX,461
02,XX,XX,XX,05,07,26,XX,28,XX,32,XX,XX,XX,43,46,48,51,XX,XX,66,XX,XX,67,70,75,80,462
XX,01,05,XX,13,15,XX,16,XX,XX,XX,17,XX,40,XX,41,46,55,77,XX,78,XX,81,82,90,XX,XX,463
XX,06,09,XX,XX,XX,17,23,28,XX,39,XX,XX,41,54,XX,56,57,59,61,65,75,XX,XX,85,XX,XX,464
XX,03,XX,XX,31,32,XX,35,38,40,XX,41,XX,43,XX,49,XX,64,67,74,81,88,89,XX,XX,XX,XX,465
XX,XX,04,08,09,XX,13,XX,17,19,29,XX,XX,39,46,XX,XX,62,64,XX,XX,66,71,84,XX,XX,89,466
10,13,16,17,XX,XX,27,XX,XX,31,34,XX,36,XX,38,XX,XX,51,XX,53,74,XX,78,XX,82,XX,88,467
06,07,XX,XX,13,27,XX,XX,28,XX,XX,30,55,XX,57,58,XX,61,63,XX,64,83,XX,84,XX,87,XX,468
XX,05,27,28,43,55,XX,XX,XX,XX,60,61,64,67,XX,71,XX,XX,72,XX,XX,74,82,84,90,XX,XX,469
06,09,XX,11,34,41,XX,XX,XX,50,XX,51,XX,54,XX,58,62,XX,XX,XX,65,66,77,83,84,XX,XX,470
15,28,32,39,XX,40,XX,XX,XX,43,46,XX,XX,XX,60,67,74,XX,XX,80,87,88,XX,89,XX,XX,90,471
04,13,XX,17,XX,24,XX,XX,30,33,XX,XX,XX,XX,47,49,55,59,72,XX,74,XX,XX,XX,79,81,90,472
01,XX,XX,15,18,XX,XX,21,22,XX,26,37,XX,XX,XX,39,53,54,64,71,XX,79,XX,XX,86,87,XX,473
07,XX,11,XX,14,XX,16,XX,25,28,44,51,57,XX,XX,XX,XX,65,73,XX,XX,75,XX,78,XX,81,82,474
05,10,XX,XX,XX,XX,17,19,22,24,XX,32,XX,33,39,XX,XX,48,58,65,XX,XX,72,79,85,XX,XX,475
05,XX,XX,24,25,XX,30,XX,32,XX,46,XX,XX,57,59,60,XX,65,67,70,XX,76,XX,XX,XX,77,87,476
03,04,XX,XX,11,XX,12,14,XX,XX,XX,18,XX,XX,19,20,32,44,XX,51,75,XX,81,XX,85,XX,88,477
01,XX,04,05,XX,09,XX,23,XX,33,40,43,XX,XX,44,XX,50,XX,64,XX,XX,66,67,76,XX,XX,79,478
17,XX,27,XX,XX,28,35,36,XX,XX,38,XX,40,XX,55,56,XX,58,XX,XX,XX,64,76,XX,79,85,87,479
04,XX,12,22,XX,30,34,XX,XX,XX,XX,XX,35,40,49,XX,50,53,XX,60,XX,66,78,83,XX,XX,89,480
XX,09,10,XX,20,XX,XX,23,24,XX,35,XX,39,XX,40,54,XX,67,XX,68,69,XX,72,XX,80,86,XX,481
10,16,29,38,XX,40,XX,XX,XX,41,42,XX,45,49,XX,XX,XX,66,67,69,XX,XX,XX,72,XX,75,79,482
15,XX,19,XX,24,30,41,XX,XX,51,XX,56,57,63,68,XX,XX,XX,74,XX,81,83,XX,XX,XX,86,88,483
04,06,XX,08,14,XX,XX,16,XX,20,XX,XX,42,XX,XX,44,48,51,65,73,XX,80,88,XX,XX,XX,90,484
XX,XX,08,11,XX,19,XX,20,27,41,57,58,XX,XX,XX,XX,60,61,67,75,76,78,XX,XX,XX,79,XX,485
01,02,XX,XX,04,06,08,XX,XX,09,XX,20,29,34,XX,XX,XX,40,XX,XX,58,67,XX,74,75,86,XX,486
03,XX,08,18,19,XX,XX,XX,22,XX,XX,23,26,27,33,XX,XX,37,XX,38,XX,50,53,XX,XX,61,65,487
03,XX,XX,04,22,30,XX,46,XX,XX,XX,47,48,XX,49,XX,54,66,XX,68,72,XX,75,XX,82,XX,86,488
07,XX,XX,XX,XX,09,10,19,27,XX,39,42,50,XX,51,XX,XX,53,55,XX,66,XX,XX,67,XX,76,82,489
XX,XX,XX,XX,07,16,30,34,47,48,49,XX,56,XX,59,XX,65,XX,67,XX,71,XX,72,XX,80,84,XX,490
05,XX,07,XX,08,09,XX,29,XX,36,47,48,XX,XX,XX,51,56,XX,61,XX,65,66,78,XX,81,XX,XX,491
05,12,XX,23,25,XX,XX,XX,28,XX,33,XX,37,XX,39,XX,44,53,XX,55,68,69,76,XX,XX,83,XX,492
XX,XX,24,26,XX,XX,29,36,37,XX,XX,42,XX,50,XX,59,63,65,66,XX,73,74,81,85,XX,XX,XX,493
01,11,13,XX,15,19,XX,XX,XX,27,XX,28,XX,XX,XX,39,73,74,XX,80,82,XX,XX,XX,85,87,90,494
XX,XX,XX,02,05,XX,06,07,09,XX,17,40,XX,XX,42,47,XX,55,XX,XX,XX,58,59,XX,80,84,86,495
10,XX,XX,XX,17,21,XX,24,25,XX,26,XX,27,36,XX,37,44,XX,49,59,XX,60,63,76,XX,XX,XX,496
01,02,XX,XX,04,XX,XX,15,30,31,33,35,45,60,XX,XX,XX,XX,XX,63,XX,XX,76,78,XX,83,87,497
14,15,XX,XX,XX,16,19,22,XX,25,XX,32,XX,XX,34,41,XX,49,58,XX,67,XX,XX,68,XX,73,89,498
06,09,10,12,XX,XX,XX,17,XX,XX,XX,22,XX,25,XX,29,33,37,44,50,XX,XX,54,XX,57,84,XX,499
XX,01,04,08,XX,XX,25,XX,34,38,XX,39,40,XX,48,XX,55,XX,61,XX,65,68,XX,82,XX,XX,83,500